"delivery_date","hour_ending","qse","total_self_arranged_as_regup","total_self_arranged_as_regdown","total_self_arranged_as_nonspin","total_self_arranged_as_nspnm","total_self_arranged_as_rrspfr","total_self_arranged_as_rrsffr","total_self_arranged_as_rrsufr","total_self_arranged_as_ecrssd","total_self_arranged_as_ecrsmd","p_posted_date"
"2024-10-02","1","QAEN","0.0","10.0","98.0",,"20.0","0.0","0.0","0.0","0.0","2024-12-01"
"2024-10-02","1","QALTRE",,,"26.0",,"15.0","0.0","8.8",,,"2024-12-01"
"2024-10-02","1","QBPEC7","-0.7","-1.4","-6.9",,"-11.2","0.0","0.0","-4.4",,"2024-12-01"
"2024-10-02","1","QBTU",,,,,"0.0","0.0","7.0",,,"2024-12-01"
"2024-10-02","1","QCALP","0.0","0.0","-20.0","0.0","-15.0","0.0","0.0","0.0","0.0","2024-12-01"
"2024-10-02","1","QCPSE","0.0","0.0","85.0",,"25.0","0.0","0.0","25.0",,"2024-12-01"
"2024-10-02","1","QEDE10",,,,,"0.0","0.0","32.3",,,"2024-12-01"
"2024-10-02","1","QEDE12",,,,,"0.0","0.0","11.4",,,"2024-12-01"
"2024-10-02","1","QEDES1",,,,,"0.0","0.0","61.7",,,"2024-12-01"
"2024-10-02","1","QEDES2",,,,,"0.0","0.0","5.1",,,"2024-12-01"
"2024-10-02","1","QEDES5",,,,,"0.0","0.0","19.6",,,"2024-12-01"
"2024-10-02","1","QEDES6",,,,,"0.0","0.0","6.1",,,"2024-12-01"
"2024-10-02","1","QEDES8",,,,,"0.0","0.0","10.2",,,"2024-12-01"
"2024-10-02","1","QEXEL1",,,,,"0.0","0.0","0.0",,,"2024-12-01"
"2024-10-02","1","QFREE1",,,,,"0.0","0.0","3.0",,,"2024-12-01"
"2024-10-02","1","QFRONT",,,,,"0.0","0.0","5.9",,,"2024-12-01"
"2024-10-02","1","QGAR6",,,,,"0.0","0.0","7.0",,,"2024-12-01"
"2024-10-02","1","QGERD",,,,,"0.0","0.0","4.2",,,"2024-12-01"
"2024-10-02","1","QGEXA",,,,,"0.0","0.0","23.8",,,"2024-12-01"
"2024-10-02","1","QGEXA7",,,,,"0.0","0.0","4.0",,,"2024-12-01"
"2024-10-02","1","QJUSL1",,,"3.0",,"10.0","0.0","0.0","10.0",,"2024-12-01"
"2024-10-02","1","QJUSL2",,,"4.0",,"10.0","0.0","0.0","15.0",,"2024-12-01"
"2024-10-02","1","QJUSL3",,,"3.0",,"10.0","0.0","0.0","10.0",,"2024-12-01"
"2024-10-02","1","QLCRA","0.0","0.0","0.0",,"-20.0","0.0","17.0","0.0","0.0","2024-12-01"
"2024-10-02","1","QNRGTX",,,,,"0.0","0.0","180.0",,,"2024-12-01"
"2024-10-02","1","QOCSQ1",,,,,"0.0","0.0","6.9",,,"2024-12-01"
"2024-10-02","1","QSEMES",,,"22.0",,"5.0","0.0","0.0",,,"2024-12-01"
"2024-10-02","1","QSHEL9","0.0","0.0","8.0","0.0","8.0","0.0","0.0","0.0","0.0","2024-12-01"
"2024-10-02","1","QSHELL","0.0","0.0","-61.0","0.0","-53.0","0.0","0.0","-35.0","0.0","2024-12-01"
"2024-10-02","1","QSTEC","0.0","0.0","0.0",,"0.0","0.0","23.7",,,"2024-12-01"
"2024-10-02","1","QSTEC1",,,"0.0",,"0.0","0.0","3.0",,,"2024-12-01"
"2024-10-02","1","QSUEZ1",,,"5.0","0.0","10.0","0.0","0.0",,,"2024-12-01"
"2024-10-02","1","QTEN18","1.0","2.0","10.1",,"16.4","0.0","0.0","6.4","0.0","2024-12-01"
"2024-10-02","1","QTENSK",,,,,"0.0","0.0","14.5",,,"2024-12-01"
"2024-10-02","1","QTOTL1","-0.3","-0.6","-3.2",,"-5.2","0.0","0.0","-2.0",,"2024-12-01"
"2024-10-02","2","QAEN","0.0","10.0","98.0",,"20.0","0.0","0.0","0.0","0.0","2024-12-01"
"2024-10-02","2","QALTRE",,,"26.0",,"15.0","0.0","8.8",,,"2024-12-01"
"2024-10-02","2","QBPEC7","-0.7","-1.3","-7.2",,"-11.8","0.0","0.0","-4.4",,"2024-12-01"
"2024-10-02","2","QBTU",,,,,"0.0","0.0","7.0",,,"2024-12-01"
"2024-10-02","2","QCALP","0.0","0.0","-20.0","0.0","-15.0","0.0","0.0","0.0","0.0","2024-12-01"
"2024-10-02","2","QCPSE","0.0","0.0","85.0",,"25.0","0.0","0.0","25.0",,"2024-12-01"
"2024-10-02","2","QEDE10",,,,,"0.0","0.0","33.8",,,"2024-12-01"
"2024-10-02","2","QEDE12",,,,,"0.0","0.0","11.8",,,"2024-12-01"
"2024-10-02","2","QEDES1",,,,,"0.0","0.0","64.6",,,"2024-12-01"
"2024-10-02","2","QEDES2",,,,,"0.0","0.0","5.3",,,"2024-12-01"
"2024-10-02","2","QEDES5",,,,,"0.0","0.0","20.1",,,"2024-12-01"
"2024-10-02","2","QEDES6",,,,,"0.0","0.0","6.6",,,"2024-12-01"
"2024-10-02","2","QEDES8",,,,,"0.0","0.0","10.7",,,"2024-12-01"
"2024-10-02","2","QEXEL1",,,,,"0.0","0.0","0.0",,,"2024-12-01"
"2024-10-02","2","QFREE1",,,,,"0.0","0.0","3.0",,,"2024-12-01"
"2024-10-02","2","QFRONT",,,,,"0.0","0.0","5.5",,,"2024-12-01"
"2024-10-02","2","QGAR6",,,,,"0.0","0.0","6.9",,,"2024-12-01"
"2024-10-02","2","QGERD",,,,,"0.0","0.0","4.3",,,"2024-12-01"
"2024-10-02","2","QGEXA",,,,,"0.0","0.0","23.2",,,"2024-12-01"
"2024-10-02","2","QGEXA7",,,,,"0.0","0.0","4.2",,,"2024-12-01"
"2024-10-02","2","QJUSL1",,,"3.0",,"10.0","0.0","0.0","10.0",,"2024-12-01"
"2024-10-02","2","QJUSL2",,,"4.0",,"10.0","0.0","0.0","15.0",,"2024-12-01"
"2024-10-02","2","QJUSL3",,,"3.0",,"10.0","0.0","0.0","10.0",,"2024-12-01"
"2024-10-02","2","QLCRA","0.0","0.0","0.0",,"-20.0","0.0","17.0","0.0","0.0","2024-12-01"
"2024-10-02","2","QNRGTX",,,,,"0.0","0.0","180.0",,,"2024-12-01"
"2024-10-02","2","QOCSQ1",,,,,"0.0","0.0","7.2",,,"2024-12-01"
"2024-10-02","2","QSEMES",,,"22.0",,"5.0","0.0","0.0",,,"2024-12-01"
"2024-10-02","2","QSHEL9","0.0","0.0","8.0","0.0","8.0","0.0","0.0","0.0","0.0","2024-12-01"
"2024-10-02","2","QSHELL","0.0","0.0","-61.0","0.0","-53.0","0.0","0.0","-35.0","0.0","2024-12-01"
"2024-10-02","2","QSTEC","0.0","0.0","0.0",,"0.0","0.0","24.1",,,"2024-12-01"
"2024-10-02","2","QSTEC1",,,"0.0",,"0.0","0.0","2.9",,,"2024-12-01"
"2024-10-02","2","QSUEZ1",,,"5.0","0.0","10.0","0.0","0.0",,,"2024-12-01"
"2024-10-02","2","QTEN18","1.0","1.9","10.5",,"17.3","0.0","0.0","6.4","0.0","2024-12-01"
"2024-10-02","2","QTENSK",,,,,"0.0","0.0","14.9",,,"2024-12-01"
"2024-10-02","2","QTOTL1","-0.3","-0.6","-3.3",,"-5.5","0.0","0.0","-2.0",,"2024-12-01"
"2024-10-02","3","QAEN","0.0","10.0","98.0",,"20.0","0.0","0.0","0.0","0.0","2024-12-01"
"2024-10-02","3","QALTRE",,,"26.0",,"15.0","0.0","8.8",,,"2024-12-01"
"2024-10-02","3","QBPEC7","-1.0","-1.0","-6.7",,"-12.4","0.0","0.0","-4.2",,"2024-12-01"
"2024-10-02","3","QBTU",,,,,"0.0","0.0","7.0",,,"2024-12-01"
"2024-10-02","3","QCALP","0.0","0.0","-20.0","0.0","-15.0","0.0","0.0","0.0","0.0","2024-12-01"
"2024-10-02","3","QCPSE","0.0","0.0","85.0",,"25.0","0.0","0.0","25.0",,"2024-12-01"
"2024-10-02","3","QEDE10",,,,,"0.0","0.0","36.4",,,"2024-12-01"
"2024-10-02","3","QEDE12",,,,,"0.0","0.0","12.8",,,"2024-12-01"
"2024-10-02","3","QEDES1",,,,,"0.0","0.0","69.5",,,"2024-12-01"
"2024-10-02","3","QEDES2",,,,,"0.0","0.0","5.7",,,"2024-12-01"
"2024-10-02","3","QEDES5",,,,,"0.0","0.0","21.7",,,"2024-12-01"
"2024-10-02","3","QEDES6",,,,,"0.0","0.0","7.4",,,"2024-12-01"
"2024-10-02","3","QEDES8",,,,,"0.0","0.0","11.6",,,"2024-12-01"
"2024-10-02","3","QEXEL1",,,,,"0.0","0.0","0.0",,,"2024-12-01"
"2024-10-02","3","QFREE1",,,,,"0.0","0.0","3.0",,,"2024-12-01"
"2024-10-02","3","QFRONT",,,,,"0.0","0.0","5.4",,,"2024-12-01"
"2024-10-02","3","QGAR6",,,,,"0.0","0.0","7.2",,,"2024-12-01"
"2024-10-02","3","QGERD",,,,,"0.0","0.0","4.5",,,"2024-12-01"
"2024-10-02","3","QGEXA",,,,,"0.0","0.0","23.8",,,"2024-12-01"
"2024-10-02","3","QGEXA7",,,,,"0.0","0.0","4.6",,,"2024-12-01"
"2024-10-02","3","QJUSL1",,,"3.0",,"10.0","0.0","0.0","10.0",,"2024-12-01"
"2024-10-02","3","QJUSL2",,,"4.0",,"10.0","0.0","0.0","15.0",,"2024-12-01"
"2024-10-02","3","QJUSL3",,,"3.0",,"10.0","0.0","0.0","10.0",,"2024-12-01"
"2024-10-02","3","QLCRA","0.0","0.0","0.0",,"-20.0","0.0","17.0","0.0","0.0","2024-12-01"
"2024-10-02","3","QNRGTX",,,,,"0.0","0.0","180.0",,,"2024-12-01"
"2024-10-02","3","QOCSQ1",,,,,"0.0","0.0","7.7",,,"2024-12-01"
"2024-10-02","3","QSEMES",,,"22.0",,"5.0","0.0","0.0",,,"2024-12-01"
"2024-10-02","3","QSHEL9","0.0","0.0","8.0","0.0","8.0","0.0","0.0","0.0","0.0","2024-12-01"
"2024-10-02","3","QSHELL","0.0","0.0","-61.0","0.0","-53.0","0.0","0.0","-35.0","0.0","2024-12-01"
"2024-10-02","3","QSTEC","0.0","0.0","0.0",,"0.0","0.0","25.5",,,"2024-12-01"
"2024-10-02","3","QSTEC1",,,"0.0",,"0.0","0.0","3.0",,,"2024-12-01"
"2024-10-02","3","QSUEZ1",,,"5.0","0.0","10.0","0.0","0.0",,,"2024-12-01"
"2024-10-02","3","QTEN18","1.4","1.5","9.8",,"18.2","0.0","0.0","6.1","0.0","2024-12-01"
"2024-10-02","3","QTENSK",,,,,"0.0","0.0","17.3",,,"2024-12-01"
"2024-10-02","3","QTOTL1","-0.4","-0.5","-3.1",,"-5.8","0.0","0.0","-1.9",,"2024-12-01"
"2024-10-02","4","QAEN","0.0","10.0","98.0",,"20.0","0.0","0.0","0.0","0.0","2024-12-01"
"2024-10-02","4","QALTRE",,,"26.0",,"15.0","0.0","8.8",,,"2024-12-01"
"2024-10-02","4","QBPEC7","-1.0","-0.8","-6.9",,"-12.7","0.0","0.0","-4.3",,"2024-12-01"
"2024-10-02","4","QBTU",,,,,"0.0","0.0","7.0",,,"2024-12-01"
"2024-10-02","4","QCALP","0.0","0.0","-20.0","0.0","-15.0","0.0","0.0","0.0","0.0","2024-12-01"
"2024-10-02","4","QCPSE","0.0","0.0","85.0",,"25.0","0.0","0.0","25.0",,"2024-12-01"
"2024-10-02","4","QEDE10",,,,,"0.0","0.0","37.0",,,"2024-12-01"
"2024-10-02","4","QEDE12",,,,,"0.0","0.0","13.4",,,"2024-12-01"
"2024-10-02","4","QEDES1",,,,,"0.0","0.0","71.2",,,"2024-12-01"
"2024-10-02","4","QEDES2",,,,,"0.0","0.0","5.9",,,"2024-12-01"
"2024-10-02","4","QEDES5",,,,,"0.0","0.0","22.1",,,"2024-12-01"
"2024-10-02","4","QEDES6",,,,,"0.0","0.0","8.0",,,"2024-12-01"
"2024-10-02","4","QEDES8",,,,,"0.0","0.0","11.8",,,"2024-12-01"
"2024-10-02","4","QEXEL1",,,,,"0.0","0.0","0.0",,,"2024-12-01"
"2024-10-02","4","QFREE1",,,,,"0.0","0.0","3.0",,,"2024-12-01"
"2024-10-02","4","QFRONT",,,,,"0.0","0.0","5.1",,,"2024-12-01"
"2024-10-02","4","QGAR6",,,,,"0.0","0.0","7.2",,,"2024-12-01"
"2024-10-02","4","QGERD",,,,,"0.0","0.0","4.5",,,"2024-12-01"
"2024-10-02","4","QGEXA",,,,,"0.0","0.0","23.2",,,"2024-12-01"
"2024-10-02","4","QGEXA7",,,,,"0.0","0.0","4.7",,,"2024-12-01"
"2024-10-02","4","QJUSL1",,,"3.0",,"10.0","0.0","0.0","10.0",,"2024-12-01"
"2024-10-02","4","QJUSL2",,,"4.0",,"10.0","0.0","0.0","15.0",,"2024-12-01"
"2024-10-02","4","QJUSL3",,,"3.0",,"10.0","0.0","0.0","10.0",,"2024-12-01"
"2024-10-02","4","QLCRA","0.0","0.0","0.0",,"-20.0","0.0","17.0","0.0","0.0","2024-12-01"
"2024-10-02","4","QNRGTX",,,,,"0.0","0.0","180.0",,,"2024-12-01"
"2024-10-02","4","QOCSQ1",,,,,"0.0","0.0","7.6",,,"2024-12-01"
"2024-10-02","4","QSEMES",,,"22.0",,"5.0","0.0","0.0",,,"2024-12-01"
"2024-10-02","4","QSHEL9","0.0","0.0","8.0","0.0","8.0","0.0","0.0","0.0","0.0","2024-12-01"
"2024-10-02","4","QSHELL","0.0","0.0","-61.0","0.0","-53.0","0.0","0.0","-35.0","0.0","2024-12-01"
"2024-10-02","4","QSTEC","0.0","0.0","0.0",,"0.0","0.0","25.6",,,"2024-12-01"
"2024-10-02","4","QSTEC1",,,"0.0",,"0.0","0.0","2.9",,,"2024-12-01"
"2024-10-02","4","QSUEZ1",,,"5.0","0.0","10.0","0.0","0.0",,,"2024-12-01"
"2024-10-02","4","QTEN18","1.4","1.2","10.1",,"18.6","0.0","0.0","6.3","0.0","2024-12-01"
"2024-10-02","4","QTENSK",,,,,"0.0","0.0","17.7",,,"2024-12-01"
"2024-10-02","4","QTOTL1","-0.4","-0.4","-3.2",,"-5.9","0.0","0.0","-2.0",,"2024-12-01"
"2024-10-02","5","QAEN","0.0","10.0","98.0",,"20.0","0.0","0.0","0.0","0.0","2024-12-01"
"2024-10-02","5","QALTRE",,,"26.0",,"15.0","0.0","8.8",,,"2024-12-01"
"2024-10-02","5","QBPEC7","-1.1","-0.8","-6.8",,"-12.5","0.0","0.0","-4.6",,"2024-12-01"
"2024-10-02","5","QBTU",,,,,"0.0","0.0","7.0",,,"2024-12-01"
"2024-10-02","5","QCALP","0.0","0.0","-20.0","0.0","-15.0","0.0","0.0","0.0","0.0","2024-12-01"
"2024-10-02","5","QCPSE","0.0","0.0","85.0",,"25.0","0.0","0.0","25.0",,"2024-12-01"
"2024-10-02","5","QEDE10",,,,,"0.0","0.0","36.9",,,"2024-12-01"
"2024-10-02","5","QEDE12",,,,,"0.0","0.0","13.5",,,"2024-12-01"
"2024-10-02","5","QEDES1",,,,,"0.0","0.0","71.5",,,"2024-12-01"
"2024-10-02","5","QEDES2",,,,,"0.0","0.0","5.9",,,"2024-12-01"
"2024-10-02","5","QEDES5",,,,,"0.0","0.0","22.6",,,"2024-12-01"
"2024-10-02","5","QEDES6",,,,,"0.0","0.0","7.6",,,"2024-12-01"
"2024-10-02","5","QEDES8",,,,,"0.0","0.0","11.7",,,"2024-12-01"
"2024-10-02","5","QEXEL1",,,,,"0.0","0.0","0.0",,,"2024-12-01"
"2024-10-02","5","QFREE1",,,,,"0.0","0.0","3.0",,,"2024-12-01"
"2024-10-02","5","QFRONT",,,,,"0.0","0.0","4.7",,,"2024-12-01"
"2024-10-02","5","QGAR6",,,,,"0.0","0.0","7.0",,,"2024-12-01"
"2024-10-02","5","QGERD",,,,,"0.0","0.0","4.4",,,"2024-12-01"
"2024-10-02","5","QGEXA",,,,,"0.0","0.0","22.9",,,"2024-12-01"
"2024-10-02","5","QGEXA7",,,,,"0.0","0.0","4.8",,,"2024-12-01"
"2024-10-02","5","QJUSL1",,,"3.0",,"10.0","0.0","0.0","10.0",,"2024-12-01"
"2024-10-02","5","QJUSL2",,,"4.0",,"10.0","0.0","0.0","15.0",,"2024-12-01"
"2024-10-02","5","QJUSL3",,,"3.0",,"10.0","0.0","0.0","10.0",,"2024-12-01"
"2024-10-02","5","QLCRA","0.0","0.0","0.0",,"-20.0","0.0","17.0","0.0","0.0","2024-12-01"
"2024-10-02","5","QNRGTX",,,,,"0.0","0.0","180.0",,,"2024-12-01"
"2024-10-02","5","QOCSQ1",,,,,"0.0","0.0","7.6",,,"2024-12-01"
"2024-10-02","5","QSEMES",,,"22.0",,"5.0","0.0","0.0",,,"2024-12-01"
"2024-10-02","5","QSHEL9","0.0","0.0","8.0","0.0","8.0","0.0","0.0","0.0","0.0","2024-12-01"
"2024-10-02","5","QSHELL","0.0","0.0","-61.0","0.0","-53.0","0.0","0.0","-35.0","0.0","2024-12-01"
"2024-10-02","5","QSTEC","0.0","0.0","0.0",,"0.0","0.0","25.6",,,"2024-12-01"
"2024-10-02","5","QSTEC1",,,"0.0",,"0.0","0.0","2.8",,,"2024-12-01"
"2024-10-02","5","QSUEZ1",,,"5.0","0.0","10.0","0.0","0.0",,,"2024-12-01"
"2024-10-02","5","QTEN18","1.6","1.2","9.9",,"18.3","0.0","0.0","6.7","0.0","2024-12-01"
"2024-10-02","5","QTENSK",,,,,"0.0","0.0","18.0",,,"2024-12-01"
"2024-10-02","5","QTOTL1","-0.5","-0.4","-3.1",,"-5.8","0.0","0.0","-2.1",,"2024-12-01"
"2024-10-02","6","QAEN","0.0","10.0","98.0",,"20.0","0.0","0.0","0.0","0.0","2024-12-01"
"2024-10-02","6","QALTRE",,,"26.0",,"15.0","0.0","8.8",,,"2024-12-01"
"2024-10-02","6","QBPEC7","-1.7","-1.0","-6.7",,"-12.3","0.0","0.0","-4.6",,"2024-12-01"
"2024-10-02","6","QBTU",,,,,"0.0","0.0","7.0",,,"2024-12-01"
"2024-10-02","6","QCALP","0.0","0.0","-20.0","0.0","-15.0","0.0","0.0","0.0","0.0","2024-12-01"
"2024-10-02","6","QCPSE","0.0","0.0","85.0",,"25.0","0.0","0.0","25.0",,"2024-12-01"
"2024-10-02","6","QEDE10",,,,,"0.0","0.0","36.1",,,"2024-12-01"
"2024-10-02","6","QEDE12",,,,,"0.0","0.0","13.1",,,"2024-12-01"
"2024-10-02","6","QEDES1",,,,,"0.0","0.0","70.1",,,"2024-12-01"
"2024-10-02","6","QEDES2",,,,,"0.0","0.0","5.7",,,"2024-12-01"
"2024-10-02","6","QEDES5",,,,,"0.0","0.0","23.4",,,"2024-12-01"
"2024-10-02","6","QEDES6",,,,,"0.0","0.0","6.3",,,"2024-12-01"
"2024-10-02","6","QEDES8",,,,,"0.0","0.0","11.4",,,"2024-12-01"
"2024-10-02","6","QEXEL1",,,,,"0.0","0.0","0.0",,,"2024-12-01"
"2024-10-02","6","QFREE1",,,,,"0.0","0.0","3.0",,,"2024-12-01"
"2024-10-02","6","QFRONT",,,,,"0.0","0.0","4.5",,,"2024-12-01"
"2024-10-02","6","QGAR6",,,,,"0.0","0.0","7.1",,,"2024-12-01"
"2024-10-02","6","QGERD",,,,,"0.0","0.0","3.1",,,"2024-12-01"
"2024-10-02","6","QGEXA",,,,,"0.0","0.0","23.0",,,"2024-12-01"
"2024-10-02","6","QGEXA7",,,,,"0.0","0.0","4.9",,,"2024-12-01"
"2024-10-02","6","QJUSL1",,,"3.0",,"10.0","0.0","0.0","10.0",,"2024-12-01"
"2024-10-02","6","QJUSL2",,,"4.0",,"10.0","0.0","0.0","15.0",,"2024-12-01"
"2024-10-02","6","QJUSL3",,,"3.0",,"10.0","0.0","0.0","10.0",,"2024-12-01"
"2024-10-02","6","QLCRA","0.0","0.0","0.0",,"-20.0","0.0","17.0","0.0","0.0","2024-12-01"
"2024-10-02","6","QNRGTX",,,,,"0.0","0.0","180.0",,,"2024-12-01"
"2024-10-02","6","QOCSQ1",,,,,"0.0","0.0","7.5",,,"2024-12-01"
"2024-10-02","6","QSEMES",,,"22.0",,"5.0","0.0","0.0",,,"2024-12-01"
"2024-10-02","6","QSHEL9","0.0","0.0","8.0","0.0","8.0","0.0","0.0","0.0","0.0","2024-12-01"
"2024-10-02","6","QSHELL","0.0","0.0","-61.0","0.0","-53.0","0.0","0.0","-35.0","0.0","2024-12-01"
"2024-10-02","6","QSTEC","0.0","0.0","0.0",,"0.0","0.0","25.4",,,"2024-12-01"
"2024-10-02","6","QSTEC1",,,"0.0",,"0.0","0.0","2.8",,,"2024-12-01"
"2024-10-02","6","QSUEZ1",,,"5.0","0.0","10.0","0.0","0.0",,,"2024-12-01"
"2024-10-02","6","QTEN18","2.5","1.4","9.8",,"18.0","0.0","0.0","6.7","0.0","2024-12-01"
"2024-10-02","6","QTENSK",,,,,"0.0","0.0","17.8",,,"2024-12-01"
"2024-10-02","6","QTOTL1","-0.8","-0.4","-3.1",,"-5.7","0.0","0.0","-2.1",,"2024-12-01"
"2024-10-02","7","QAEN","0.0","10.0","98.0",,"20.0","0.0","0.0","0.0","0.0","2024-12-01"
"2024-10-02","7","QALTRE",,,"26.0",,"15.0","0.0","8.8",,,"2024-12-01"
"2024-10-02","7","QBPEC7","-1.9","-0.7","-11.7",,"-11.6","0.0","0.0","-4.2",,"2024-12-01"
"2024-10-02","7","QBTU",,,,,"0.0","0.0","7.0",,,"2024-12-01"
"2024-10-02","7","QCALP","0.0","0.0","-20.0","0.0","-15.0","0.0","0.0","0.0","0.0","2024-12-01"
"2024-10-02","7","QCPSE","0.0","0.0","85.0",,"25.0","0.0","0.0","25.0",,"2024-12-01"
"2024-10-02","7","QEDE10",,,,,"0.0","0.0","33.1",,,"2024-12-01"
"2024-10-02","7","QEDE12",,,,,"0.0","0.0","12.0",,,"2024-12-01"
"2024-10-02","7","QEDES1",,,,,"0.0","0.0","64.4",,,"2024-12-01"
"2024-10-02","7","QEDES2",,,,,"0.0","0.0","5.3",,,"2024-12-01"
"2024-10-02","7","QEDES5",,,,,"0.0","0.0","22.8",,,"2024-12-01"
"2024-10-02","7","QEDES6",,,,,"0.0","0.0","5.6",,,"2024-12-01"
"2024-10-02","7","QEDES8",,,,,"0.0","0.0","10.4",,,"2024-12-01"
"2024-10-02","7","QEXEL1",,,,,"0.0","0.0","0.0",,,"2024-12-01"
"2024-10-02","7","QFREE1",,,,,"0.0","0.0","3.0",,,"2024-12-01"
"2024-10-02","7","QFRONT",,,,,"0.0","0.0","4.3",,,"2024-12-01"
"2024-10-02","7","QGAR6",,,,,"0.0","0.0","6.9",,,"2024-12-01"
"2024-10-02","7","QGERD",,,,,"0.0","0.0","3.7",,,"2024-12-01"
"2024-10-02","7","QGEXA",,,,,"0.0","0.0","22.4",,,"2024-12-01"
"2024-10-02","7","QGEXA7",,,,,"0.0","0.0","4.5",,,"2024-12-01"
"2024-10-02","7","QJUSL1",,,"3.0",,"10.0","0.0","0.0","10.0",,"2024-12-01"
"2024-10-02","7","QJUSL2",,,"4.0",,"10.0","0.0","0.0","15.0",,"2024-12-01"
"2024-10-02","7","QJUSL3",,,"3.0",,"10.0","0.0","0.0","10.0",,"2024-12-01"
"2024-10-02","7","QLCRA","0.0","0.0","0.0",,"-20.0","0.0","17.0","0.0","0.0","2024-12-01"
"2024-10-02","7","QNRGTX",,,,,"0.0","0.0","180.0",,,"2024-12-01"
"2024-10-02","7","QOCSQ1",,,,,"0.0","0.0","6.8",,,"2024-12-01"
"2024-10-02","7","QSEMES",,,"22.0",,"5.0","0.0","0.0",,,"2024-12-01"
"2024-10-02","7","QSHEL9","0.0","0.0","8.0","0.0","8.0","0.0","0.0","0.0","0.0","2024-12-01"
"2024-10-02","7","QSHELL","0.0","0.0","-61.0","0.0","-53.0","0.0","0.0","-35.0","0.0","2024-12-01"
"2024-10-02","7","QSTEC","0.0","0.0","0.0",,"0.0","0.0","23.8",,,"2024-12-01"
"2024-10-02","7","QSTEC1",,,"0.0",,"0.0","0.0","2.7",,,"2024-12-01"
"2024-10-02","7","QSUEZ1",,,"5.0","0.0","10.0","0.0","0.0",,,"2024-12-01"
"2024-10-02","7","QTEN18","2.8","1.0","17.1",,"17.0","0.0","0.0","6.1","0.0","2024-12-01"
"2024-10-02","7","QTENSK",,,,,"0.0","0.0","16.5",,,"2024-12-01"
"2024-10-02","7","QTOTL1","-0.9","-0.3","-5.4",,"-5.4","0.0","0.0","-1.9",,"2024-12-01"
"2024-10-02","8","QAEN","0.0","10.0","98.0",,"20.0","0.0","0.0","0.0","0.0","2024-12-01"
"2024-10-02","8","QALTRE",,,"26.0",,"15.0","0.0","9.0",,,"2024-12-01"
"2024-10-02","8","QBPEC7","-1.1","-1.0","-10.7",,"-10.6","0.0","0.0","-4.6",,"2024-12-01"
"2024-10-02","8","QBTU",,,,,"0.0","0.0","7.0",,,"2024-12-01"
"2024-10-02","8","QCALP","0.0","0.0","-20.0","0.0","-15.0","0.0","0.0","0.0","0.0","2024-12-01"
"2024-10-02","8","QCPSE","0.0","0.0","85.0",,"25.0","0.0","0.0","25.0",,"2024-12-01"
"2024-10-02","8","QEDE10",,,,,"0.0","0.0","32.6",,,"2024-12-01"
"2024-10-02","8","QEDE12",,,,,"0.0","0.0","11.9",,,"2024-12-01"
"2024-10-02","8","QEDES1",,,,,"0.0","0.0","63.8",,,"2024-12-01"
"2024-10-02","8","QEDES2",,,,,"0.0","0.0","5.2",,,"2024-12-01"
"2024-10-02","8","QEDES5",,,,,"0.0","0.0","23.5",,,"2024-12-01"
"2024-10-02","8","QEDES6",,,,,"0.0","0.0","5.3",,,"2024-12-01"
"2024-10-02","8","QEDES8",,,,,"0.0","0.0","10.4",,,"2024-12-01"
"2024-10-02","8","QEXEL1",,,,,"0.0","0.0","0.0",,,"2024-12-01"
"2024-10-02","8","QFREE1",,,,,"0.0","0.0","3.0",,,"2024-12-01"
"2024-10-02","8","QFRONT",,,,,"0.0","0.0","4.1",,,"2024-12-01"
"2024-10-02","8","QGAR6",,,,,"0.0","0.0","6.9",,,"2024-12-01"
"2024-10-02","8","QGERD",,,,,"0.0","0.0","3.5",,,"2024-12-01"
"2024-10-02","8","QGEXA",,,,,"0.0","0.0","22.4",,,"2024-12-01"
"2024-10-02","8","QGEXA7",,,,,"0.0","0.0","4.4",,,"2024-12-01"
"2024-10-02","8","QJUSL1",,,"3.0",,"10.0","0.0","0.0","10.0",,"2024-12-01"
"2024-10-02","8","QJUSL2",,,"4.0",,"10.0","0.0","0.0","15.0",,"2024-12-01"
"2024-10-02","8","QJUSL3",,,"3.0",,"10.0","0.0","0.0","10.0",,"2024-12-01"
"2024-10-02","8","QLCRA","0.0","0.0","0.0",,"-20.0","0.0","17.0","0.0","0.0","2024-12-01"
"2024-10-02","8","QNRGTX",,,,,"0.0","0.0","180.0",,,"2024-12-01"
"2024-10-02","8","QOCSQ1",,,,,"0.0","0.0","6.7",,,"2024-12-01"
"2024-10-02","8","QSEMES",,,"22.0",,"5.0","0.0","0.0",,,"2024-12-01"
"2024-10-02","8","QSHEL9","0.0","0.0","8.0","0.0","8.0","0.0","0.0","0.0","0.0","2024-12-01"
"2024-10-02","8","QSHELL","0.0","0.0","-61.0","0.0","-53.0","0.0","0.0","-35.0","0.0","2024-12-01"
"2024-10-02","8","QSTEC","0.0","0.0","0.0",,"0.0","0.0","23.5",,,"2024-12-01"
"2024-10-02","8","QSTEC1",,,"0.0",,"0.0","0.0","2.7",,,"2024-12-01"
"2024-10-02","8","QSUEZ1",,,"5.0","0.0","10.0","0.0","0.0",,,"2024-12-01"
"2024-10-02","8","QTEN18","1.6","1.4","15.7",,"15.5","0.0","0.0","6.7","0.0","2024-12-01"
"2024-10-02","8","QTENSK",,,,,"0.0","0.0","16.3",,,"2024-12-01"
"2024-10-02","8","QTOTL1","-0.5","-0.4","-5.0",,"-4.9","0.0","0.0","-2.1",,"2024-12-01"
"2024-10-02","9","QAEN","0.0","10.0","98.0",,"20.0","0.0","0.0","0.0","0.0","2024-12-01"
"2024-10-02","9","QALTRE",,,"26.0",,"15.0","0.0","9.0",,,"2024-12-01"
"2024-10-02","9","QBPEC7","-0.5","-2.0","-6.5",,"-6.5","0.0","0.0","-3.8",,"2024-12-01"
"2024-10-02","9","QBTU",,,,,"0.0","0.0","7.0",,,"2024-12-01"
"2024-10-02","9","QCALP","0.0","0.0","-20.0","0.0","-15.0","0.0","0.0","0.0","0.0","2024-12-01"
"2024-10-02","9","QCPSE","0.0","0.0","85.0",,"25.0","0.0","0.0","25.0",,"2024-12-01"
"2024-10-02","9","QEDE10",,,,,"0.0","0.0","32.2",,,"2024-12-01"
"2024-10-02","9","QEDE12",,,,,"0.0","0.0","11.5",,,"2024-12-01"
"2024-10-02","9","QEDES1",,,,,"0.0","0.0","63.0",,,"2024-12-01"
"2024-10-02","9","QEDES2",,,,,"0.0","0.0","5.1",,,"2024-12-01"
"2024-10-02","9","QEDES5",,,,,"0.0","0.0","24.0",,,"2024-12-01"
"2024-10-02","9","QEDES6",,,,,"0.0","0.0","5.2",,,"2024-12-01"
"2024-10-02","9","QEDES8",,,,,"0.0","0.0","10.4",,,"2024-12-01"
"2024-10-02","9","QEXEL1",,,,,"0.0","0.0","0.0",,,"2024-12-01"
"2024-10-02","9","QFREE1",,,,,"0.0","0.0","3.0",,,"2024-12-01"
"2024-10-02","9","QFRONT",,,,,"0.0","0.0","4.0",,,"2024-12-01"
"2024-10-02","9","QGAR6",,,,,"0.0","0.0","6.8",,,"2024-12-01"
"2024-10-02","9","QGERD",,,,,"0.0","0.0","4.4",,,"2024-12-01"
"2024-10-02","9","QGEXA",,,,,"0.0","0.0","22.5",,,"2024-12-01"
"2024-10-02","9","QGEXA7",,,,,"0.0","0.0","4.4",,,"2024-12-01"
"2024-10-02","9","QJUSL1",,,"3.0",,"10.0","0.0","0.0","10.0",,"2024-12-01"
"2024-10-02","9","QJUSL2",,,"4.0",,"10.0","0.0","0.0","15.0",,"2024-12-01"
"2024-10-02","9","QJUSL3",,,"3.0",,"10.0","0.0","0.0","10.0",,"2024-12-01"
"2024-10-02","9","QLCRA","0.0","0.0","0.0",,"-20.0","0.0","17.0","0.0","0.0","2024-12-01"
"2024-10-02","9","QNRGTX",,,,,"0.0","0.0","180.0",,,"2024-12-01"
"2024-10-02","9","QOCSQ1",,,,,"0.0","0.0","6.4",,,"2024-12-01"
"2024-10-02","9","QSEMES",,,"22.0",,"5.0","0.0","0.0",,,"2024-12-01"
"2024-10-02","9","QSHEL9","0.0","0.0","8.0","0.0","8.0","0.0","0.0","0.0","0.0","2024-12-01"
"2024-10-02","9","QSHELL","0.0","0.0","-61.0","0.0","-53.0","0.0","0.0","-35.0","0.0","2024-12-01"
"2024-10-02","9","QSTEC","0.0","0.0","0.0",,"0.0","0.0","23.7",,,"2024-12-01"
"2024-10-02","9","QSTEC1",,"0.0","0.0",,"0.0","0.0","2.8",,,"2024-12-01"
"2024-10-02","9","QSUEZ1",,,"5.0","0.0","10.0","0.0","0.0",,,"2024-12-01"
"2024-10-02","9","QTEN18","0.7","2.9","9.5",,"9.5","0.0","0.0","5.5","0.0","2024-12-01"
"2024-10-02","9","QTENSK",,,,,"0.0","0.0","16.1",,,"2024-12-01"
"2024-10-02","9","QTOTL1","-0.2","-0.9","-3.0",,"-3.0","0.0","0.0","-1.7",,"2024-12-01"
"2024-10-02","10","QAEN","0.0","10.0","98.0",,"20.0","0.0","0.0","0.0","0.0","2024-12-01"
"2024-10-02","10","QALTRE",,,"26.0",,"15.0","0.0","9.0",,,"2024-12-01"
"2024-10-02","10","QBPEC7","-0.9","-1.2","-6.5",,"-6.4","0.0","0.0","-4.9",,"2024-12-01"
"2024-10-02","10","QBTU",,,,,"0.0","0.0","7.0",,,"2024-12-01"
"2024-10-02","10","QCALP","0.0","0.0","-20.0","0.0","-15.0","0.0","0.0","0.0","0.0","2024-12-01"
"2024-10-02","10","QCPSE","0.0","0.0","85.0",,"25.0","0.0","0.0","25.0",,"2024-12-01"
"2024-10-02","10","QEDE10",,,,,"0.0","0.0","30.6",,,"2024-12-01"
"2024-10-02","10","QEDE12",,,,,"0.0","0.0","11.1",,,"2024-12-01"
"2024-10-02","10","QEDES1",,,,,"0.0","0.0","59.8",,,"2024-12-01"
"2024-10-02","10","QEDES2",,,,,"0.0","0.0","4.9",,,"2024-12-01"
"2024-10-02","10","QEDES5",,,,,"0.0","0.0","23.5",,,"2024-12-01"
"2024-10-02","10","QEDES6",,,,,"0.0","0.0","4.9",,,"2024-12-01"
"2024-10-02","10","QEDES8",,,,,"0.0","0.0","9.8",,,"2024-12-01"
"2024-10-02","10","QEXEL1",,,,,"0.0","0.0","0.0",,,"2024-12-01"
"2024-10-02","10","QFREE1",,,,,"0.0","0.0","3.0",,,"2024-12-01"
"2024-10-02","10","QFRONT",,,,,"0.0","0.0","4.3",,,"2024-12-01"
"2024-10-02","10","QGAR6",,,,,"0.0","0.0","6.7",,,"2024-12-01"
"2024-10-02","10","QGERD",,,,,"0.0","0.0","3.8",,,"2024-12-01"
"2024-10-02","10","QGEXA",,,,,"0.0","0.0","22.6",,,"2024-12-01"
"2024-10-02","10","QGEXA7",,,,,"0.0","0.0","4.2",,,"2024-12-01"
"2024-10-02","10","QJUSL1",,,"3.0",,"10.0","0.0","0.0","10.0",,"2024-12-01"
"2024-10-02","10","QJUSL2",,,"4.0",,"10.0","0.0","0.0","15.0",,"2024-12-01"
"2024-10-02","10","QJUSL3",,,"3.0",,"10.0","0.0","0.0","10.0",,"2024-12-01"
"2024-10-02","10","QLCRA","0.0","0.0","0.0",,"-20.0","0.0","17.0","0.0","0.0","2024-12-01"
"2024-10-02","10","QNRGTX",,,,,"0.0","0.0","180.0",,,"2024-12-01"
"2024-10-02","10","QOCSQ1",,,,,"0.0","0.0","5.9",,,"2024-12-01"
"2024-10-02","10","QSEMES",,,"22.0",,"5.0","0.0","0.0",,,"2024-12-01"
"2024-10-02","10","QSHEL9","0.0","0.0","8.0","0.0","8.0","0.0","0.0","0.0","0.0","2024-12-01"
"2024-10-02","10","QSHELL","0.0","0.0","-61.0","0.0","-53.0","0.0","0.0","-35.0","0.0","2024-12-01"
"2024-10-02","10","QSTEC","0.0","0.0","0.0",,"0.0","0.0","23.6",,,"2024-12-01"
"2024-10-02","10","QSTEC1",,"0.0","0.0",,"0.0","0.0","3.0",,,"2024-12-01"
"2024-10-02","10","QSUEZ1",,,"5.0","0.0","10.0","0.0","0.0",,,"2024-12-01"
"2024-10-02","10","QTEN18","1.3","1.7","9.5",,"9.4","0.0","0.0","7.2","0.0","2024-12-01"
"2024-10-02","10","QTENSK",,,,,"0.0","0.0","15.8",,,"2024-12-01"
"2024-10-02","10","QTOTL1","-0.4","-0.5","-3.0",,"-3.0","0.0","0.0","-2.3",,"2024-12-01"
"2024-10-02","11","QAEN","0.0","10.0","98.0",,"20.0","0.0","0.0","0.0","0.0","2024-12-01"
"2024-10-02","11","QALTRE",,,"26.0",,"15.0","0.0","9.0",,,"2024-12-01"
"2024-10-02","11","QBPEC7","-1.1","-1.0","-6.7",,"-5.9","0.0","0.0","-4.5",,"2024-12-01"
"2024-10-02","11","QBTU",,,,,"0.0","0.0","7.0",,,"2024-12-01"
"2024-10-02","11","QCALP","0.0","0.0","-20.0","0.0","-15.0","0.0","0.0","0.0","0.0","2024-12-01"
"2024-10-02","11","QCPSE","0.0","0.0","85.0",,"25.0","0.0","0.0","25.0",,"2024-12-01"
"2024-10-02","11","QEDE10",,,,,"0.0","0.0","27.3",,,"2024-12-01"
"2024-10-02","11","QEDE12",,,,,"0.0","0.0","10.0",,,"2024-12-01"
"2024-10-02","11","QEDES1",,,,,"0.0","0.0","54.1",,,"2024-12-01"
"2024-10-02","11","QEDES2",,,,,"0.0","0.0","4.3",,,"2024-12-01"
"2024-10-02","11","QEDES5",,,,,"0.0","0.0","21.5",,,"2024-12-01"
"2024-10-02","11","QEDES6",,,,,"0.0","0.0","4.5",,,"2024-12-01"
"2024-10-02","11","QEDES8",,,,,"0.0","0.0","8.7",,,"2024-12-01"
"2024-10-02","11","QEXEL1",,,,,"0.0","0.0","0.0",,,"2024-12-01"
"2024-10-02","11","QFREE1",,,,,"0.0","0.0","3.0",,,"2024-12-01"
"2024-10-02","11","QFRONT",,,,,"0.0","0.0","4.4",,,"2024-12-01"
"2024-10-02","11","QGAR6",,,,,"0.0","0.0","6.2",,,"2024-12-01"
"2024-10-02","11","QGERD",,,,,"0.0","0.0","2.8",,,"2024-12-01"
"2024-10-02","11","QGEXA",,,,,"0.0","0.0","21.5",,,"2024-12-01"
"2024-10-02","11","QGEXA7",,,,,"0.0","0.0","3.7",,,"2024-12-01"
"2024-10-02","11","QJUSL1",,,"3.0",,"10.0","0.0","0.0","10.0",,"2024-12-01"
"2024-10-02","11","QJUSL2",,,"4.0",,"10.0","0.0","0.0","15.0",,"2024-12-01"
"2024-10-02","11","QJUSL3",,,"3.0",,"10.0","0.0","0.0","10.0",,"2024-12-01"
"2024-10-02","11","QLCRA","0.0","0.0","0.0",,"-20.0","0.0","17.0","0.0","0.0","2024-12-01"
"2024-10-02","11","QNRGTX",,,,,"0.0","0.0","180.0",,,"2024-12-01"
"2024-10-02","11","QOCSQ1",,,,,"0.0","0.0","5.3",,,"2024-12-01"
"2024-10-02","11","QSEMES",,,"22.0",,"5.0","0.0","0.0",,,"2024-12-01"
"2024-10-02","11","QSHEL9","0.0","0.0","8.0","0.0","8.0","0.0","0.0","0.0","0.0","2024-12-01"
"2024-10-02","11","QSHELL","0.0","0.0","-61.0","0.0","-53.0","0.0","0.0","-35.0","0.0","2024-12-01"
"2024-10-02","11","QSTEC","0.0","0.0","0.0",,"0.0","0.0","22.5",,,"2024-12-01"
"2024-10-02","11","QSTEC1","0.0","0.0","0.0",,"0.0","0.0","3.1",,,"2024-12-01"
"2024-10-02","11","QSUEZ1",,,"5.0","0.0","10.0","0.0","0.0",,,"2024-12-01"
"2024-10-02","11","QTEN18","1.6","1.5","9.8",,"8.6","0.0","0.0","6.6","0.0","2024-12-01"
"2024-10-02","11","QTENSK",,,,,"0.0","0.0","14.7",,,"2024-12-01"
"2024-10-02","11","QTOTL1","-0.5","-0.5","-3.1",,"-2.7","0.0","0.0","-2.1",,"2024-12-01"
"2024-10-02","12","QAEN","0.0","10.0","98.0",,"20.0","0.0","0.0","0.0","0.0","2024-12-01"
"2024-10-02","12","QALTRE",,,"26.0",,"15.0","0.0","9.0",,,"2024-12-01"
"2024-10-02","12","QBPEC7","-1.1","-0.9","-6.5",,"-5.7","0.0","0.0","-3.7",,"2024-12-01"
"2024-10-02","12","QBTU",,,,,"0.0","0.0","7.0",,,"2024-12-01"
"2024-10-02","12","QCALP","0.0","0.0","-20.0","0.0","-15.0","0.0","0.0","0.0","0.0","2024-12-01"
"2024-10-02","12","QCPSE","0.0","0.0","85.0",,"25.0","0.0","0.0","25.0",,"2024-12-01"
"2024-10-02","12","QEDE10",,,,,"0.0","0.0","26.1",,,"2024-12-01"
"2024-10-02","12","QEDE12",,,,,"0.0","0.0","9.3",,,"2024-12-01"
"2024-10-02","12","QEDES1",,,,,"0.0","0.0","52.0",,,"2024-12-01"
"2024-10-02","12","QEDES2",,,,,"0.0","0.0","4.0",,,"2024-12-01"
"2024-10-02","12","QEDES5",,,,,"0.0","0.0","20.8",,,"2024-12-01"
"2024-10-02","12","QEDES6",,,,,"0.0","0.0","4.3",,,"2024-12-01"
"2024-10-02","12","QEDES8",,,,,"0.0","0.0","8.5",,,"2024-12-01"
"2024-10-02","12","QEXEL1",,,,,"0.0","0.0","0.0",,,"2024-12-01"
"2024-10-02","12","QFREE1",,,,,"0.0","0.0","3.0",,,"2024-12-01"
"2024-10-02","12","QFRONT",,,,,"0.0","0.0","4.6",,,"2024-12-01"
"2024-10-02","12","QGAR6",,,,,"0.0","0.0","6.2",,,"2024-12-01"
"2024-10-02","12","QGERD",,,,,"0.0","0.0","3.5",,,"2024-12-01"
"2024-10-02","12","QGEXA",,,,,"0.0","0.0","21.7",,,"2024-12-01"
"2024-10-02","12","QGEXA7",,,,,"0.0","0.0","3.5",,,"2024-12-01"
"2024-10-02","12","QJUSL1",,,"3.0",,"10.0","0.0","0.0","10.0",,"2024-12-01"
"2024-10-02","12","QJUSL2",,,"4.0",,"10.0","0.0","0.0","15.0",,"2024-12-01"
"2024-10-02","12","QJUSL3",,,"3.0",,"10.0","0.0","0.0","10.0",,"2024-12-01"
"2024-10-02","12","QLCRA","0.0","0.0","0.0",,"-20.0","0.0","17.0","0.0","0.0","2024-12-01"
"2024-10-02","12","QNRGTX",,,,,"0.0","0.0","180.0",,,"2024-12-01"
"2024-10-02","12","QOCSQ1",,,,,"0.0","0.0","5.2",,,"2024-12-01"
"2024-10-02","12","QSEMES",,,"22.0",,"5.0","0.0","0.0",,,"2024-12-01"
"2024-10-02","12","QSHEL9","0.0","0.0","8.0","0.0","8.0","0.0","0.0","0.0","0.0","2024-12-01"
"2024-10-02","12","QSHELL","0.0","0.0","-61.0","0.0","-53.0","0.0","0.0","-35.0","0.0","2024-12-01"
"2024-10-02","12","QSTEC","0.0","0.0","0.0",,"0.0","0.0","22.8",,,"2024-12-01"
"2024-10-02","12","QSTEC1","0.0","0.0","0.0",,"0.0","0.0","3.4",,,"2024-12-01"
"2024-10-02","12","QSUEZ1",,,"5.0","0.0","10.0","0.0","0.0",,,"2024-12-01"
"2024-10-02","12","QTEN18","1.6","1.3","9.5",,"8.3","0.0","0.0","5.4","0.0","2024-12-01"
"2024-10-02","12","QTENSK",,,,,"0.0","0.0","14.4",,,"2024-12-01"
"2024-10-02","12","QTOTL1","-0.5","-0.4","-3.0",,"-2.6","0.0","0.0","-1.7",,"2024-12-01"
"2024-10-02","13","QAEN","0.0","10.0","98.0",,"20.0","0.0","0.0","0.0","0.0","2024-12-01"
"2024-10-02","13","QALTRE",,,"26.0",,"15.0","0.0","9.0",,,"2024-12-01"
"2024-10-02","13","QBPEC7","-1.0","-1.3","-6.2",,"-5.5","0.0","0.0","-3.4",,"2024-12-01"
"2024-10-02","13","QBTU",,,,,"0.0","0.0","7.0",,,"2024-12-01"
"2024-10-02","13","QCALP","0.0","0.0","-20.0","0.0","-15.0","0.0","0.0","0.0","0.0","2024-12-01"
"2024-10-02","13","QCPSE","0.0","0.0","85.0",,"25.0","0.0","0.0","25.0",,"2024-12-01"
"2024-10-02","13","QEDE10",,,,,"0.0","0.0","25.1",,,"2024-12-01"
"2024-10-02","13","QEDE12",,,,,"0.0","0.0","9.1",,,"2024-12-01"
"2024-10-02","13","QEDES1",,,,,"0.0","0.0","50.6",,,"2024-12-01"
"2024-10-02","13","QEDES2",,,,,"0.0","0.0","3.8",,,"2024-12-01"
"2024-10-02","13","QEDES5",,,,,"0.0","0.0","20.1",,,"2024-12-01"
"2024-10-02","13","QEDES6",,,,,"0.0","0.0","4.5",,,"2024-12-01"
"2024-10-02","13","QEDES8",,,,,"0.0","0.0","8.2",,,"2024-12-01"
"2024-10-02","13","QEXEL1",,,,,"0.0","0.0","0.0",,,"2024-12-01"
"2024-10-02","13","QFREE1",,,,,"0.0","0.0","3.0",,,"2024-12-01"
"2024-10-02","13","QFRONT",,,,,"0.0","0.0","4.9",,,"2024-12-01"
"2024-10-02","13","QGAR6",,,,,"0.0","0.0","6.0",,,"2024-12-01"
"2024-10-02","13","QGERD",,,,,"0.0","0.0","3.6",,,"2024-12-01"
"2024-10-02","13","QGEXA",,,,,"0.0","0.0","21.7",,,"2024-12-01"
"2024-10-02","13","QGEXA7",,,,,"0.0","0.0","3.4",,,"2024-12-01"
"2024-10-02","13","QJUSL1",,,"3.0",,"10.0","0.0","0.0","10.0",,"2024-12-01"
"2024-10-02","13","QJUSL2",,,"4.0",,"10.0","0.0","0.0","15.0",,"2024-12-01"
"2024-10-02","13","QJUSL3",,,"3.0",,"10.0","0.0","0.0","10.0",,"2024-12-01"
"2024-10-02","13","QLCRA","0.0","0.0","0.0",,"-20.0","0.0","17.0","0.0","0.0","2024-12-01"
"2024-10-02","13","QNRGTX",,,,,"0.0","0.0","180.0",,,"2024-12-01"
"2024-10-02","13","QOCSQ1",,,,,"0.0","0.0","5.0",,,"2024-12-01"
"2024-10-02","13","QSEMES",,,"22.0",,"5.0","0.0","0.0",,,"2024-12-01"
"2024-10-02","13","QSHEL9","0.0","0.0","8.0","0.0","8.0","0.0","0.0","0.0","0.0","2024-12-01"
"2024-10-02","13","QSHELL","0.0","0.0","-61.0","0.0","-53.0","0.0","0.0","-35.0","0.0","2024-12-01"
"2024-10-02","13","QSTEC","0.0","0.0","0.0",,"0.0","0.0","22.8",,,"2024-12-01"
"2024-10-02","13","QSTEC1","0.0","0.0","0.0",,"0.0","0.0","3.7",,,"2024-12-01"
"2024-10-02","13","QSUEZ1",,,"5.0","0.0","10.0","0.0","0.0",,,"2024-12-01"
"2024-10-02","13","QTEN18","1.5","1.9","9.1",,"8.0","0.0","0.0","5.0","0.0","2024-12-01"
"2024-10-02","13","QTENSK",,,,,"0.0","0.0","13.6",,,"2024-12-01"
"2024-10-02","13","QTOTL1","-0.5","-0.6","-2.9",,"-2.5","0.0","0.0","-1.6",,"2024-12-01"
"2024-10-02","14","QAEN","0.0","10.0","98.0",,"20.0","0.0","0.0","0.0","0.0","2024-12-01"
"2024-10-02","14","QALTRE",,,"26.0",,"15.0","0.0","9.0",,,"2024-12-01"
"2024-10-02","14","QBPEC7","-0.9","-0.8","-6.0",,"-5.3","0.0","0.0","-3.5",,"2024-12-01"
"2024-10-02","14","QBTU",,,,,"0.0","0.0","8.0",,,"2024-12-01"
"2024-10-02","14","QCALP","0.0","0.0","-20.0","0.0","-15.0","0.0","0.0","0.0","0.0","2024-12-01"
"2024-10-02","14","QCPSE","0.0","0.0","85.0",,"25.0","0.0","0.0","25.0",,"2024-12-01"
"2024-10-02","14","QEDE10",,,,,"0.0","0.0","24.5",,,"2024-12-01"
"2024-10-02","14","QEDE12",,,,,"0.0","0.0","8.7",,,"2024-12-01"
"2024-10-02","14","QEDES1",,,,,"0.0","0.0","48.6",,,"2024-12-01"
"2024-10-02","14","QEDES2",,,,,"0.0","0.0","3.6",,,"2024-12-01"
"2024-10-02","14","QEDES5",,,,,"0.0","0.0","19.5",,,"2024-12-01"
"2024-10-02","14","QEDES6",,,,,"0.0","0.0","4.3",,,"2024-12-01"
"2024-10-02","14","QEDES8",,,,,"0.0","0.0","7.8",,,"2024-12-01"
"2024-10-02","14","QEXEL1",,,,,"0.0","0.0","0.0",,,"2024-12-01"
"2024-10-02","14","QFREE1",,,,,"0.0","0.0","3.0",,,"2024-12-01"
"2024-10-02","14","QFRONT",,,,,"0.0","0.0","5.3",,,"2024-12-01"
"2024-10-02","14","QGAR6",,,,,"0.0","0.0","6.1",,,"2024-12-01"
"2024-10-02","14","QGERD",,,,,"0.0","0.0","3.5",,,"2024-12-01"
"2024-10-02","14","QGEXA",,,,,"0.0","0.0","22.2",,,"2024-12-01"
"2024-10-02","14","QGEXA7",,,,,"0.0","0.0","3.2",,,"2024-12-01"
"2024-10-02","14","QJUSL1",,,"3.0",,"10.0","0.0","0.0","10.0",,"2024-12-01"
"2024-10-02","14","QJUSL2",,,"4.0",,"10.0","0.0","0.0","15.0",,"2024-12-01"
"2024-10-02","14","QJUSL3",,,"3.0",,"10.0","0.0","0.0","10.0",,"2024-12-01"
"2024-10-02","14","QLCRA","0.0","0.0","0.0",,"-20.0","0.0","17.0","0.0","0.0","2024-12-01"
"2024-10-02","14","QNRGTX",,,,,"0.0","0.0","180.0",,,"2024-12-01"
"2024-10-02","14","QOCSQ1",,,,,"0.0","0.0","4.8",,,"2024-12-01"
"2024-10-02","14","QSEMES",,,"22.0",,"5.0","0.0","0.0",,,"2024-12-01"
"2024-10-02","14","QSHEL9","0.0","0.0","8.0","0.0","8.0","0.0","0.0","0.0","0.0","2024-12-01"
"2024-10-02","14","QSHELL","0.0","0.0","-61.0","0.0","-53.0","0.0","0.0","-35.0","0.0","2024-12-01"
"2024-10-02","14","QSTEC","0.0","0.0","0.0",,"0.0","0.0","22.7",,,"2024-12-01"
"2024-10-02","14","QSTEC1","0.0","0.0","0.0",,"0.0","0.0","4.0",,,"2024-12-01"
"2024-10-02","14","QSUEZ1",,,"5.0","0.0","10.0","0.0","0.0",,,"2024-12-01"
"2024-10-02","14","QTEN18","1.3","1.1","8.8",,"7.7","0.0","0.0","5.1","0.0","2024-12-01"
"2024-10-02","14","QTENSK",,,,,"0.0","0.0","13.6",,,"2024-12-01"
"2024-10-02","14","QTOTL1","-0.4","-0.3","-2.8",,"-2.4","0.0","0.0","-1.6",,"2024-12-01"
"2024-10-02","15","QAEN","0.0","10.0","98.0",,"20.0","0.0","0.0","0.0","0.0","2024-12-01"
"2024-10-02","15","QALTRE",,,"26.0",,"15.0","0.0","9.0",,,"2024-12-01"
"2024-10-02","15","QBPEC7","-1.0","-0.8","-4.6",,"-4.9","0.0","0.0","-3.8",,"2024-12-01"
"2024-10-02","15","QBTU",,,,,"0.0","0.0","7.0",,,"2024-12-01"
"2024-10-02","15","QCALP","0.0","0.0","-20.0","0.0","-15.0","0.0","0.0","0.0","0.0","2024-12-01"
"2024-10-02","15","QCPSE","0.0","0.0","85.0",,"25.0","0.0","0.0","25.0",,"2024-12-01"
"2024-10-02","15","QEDE10",,,,,"0.0","0.0","22.3",,,"2024-12-01"
"2024-10-02","15","QEDE12",,,,,"0.0","0.0","7.9",,,"2024-12-01"
"2024-10-02","15","QEDES1",,,,,"0.0","0.0","43.0",,,"2024-12-01"
"2024-10-02","15","QEDES2",,,,,"0.0","0.0","3.3",,,"2024-12-01"
"2024-10-02","15","QEDES5",,,,,"0.0","0.0","17.7",,,"2024-12-01"
"2024-10-02","15","QEDES6",,,,,"0.0","0.0","4.0",,,"2024-12-01"
"2024-10-02","15","QEDES8",,,,,"0.0","0.0","7.1",,,"2024-12-01"
"2024-10-02","15","QEXEL1",,,,,"0.0","0.0","0.0",,,"2024-12-01"
"2024-10-02","15","QFREE1",,,,,"0.0","0.0","3.0",,,"2024-12-01"
"2024-10-02","15","QFRONT",,,,,"0.0","0.0","5.2",,,"2024-12-01"
"2024-10-02","15","QGAR6",,,,,"0.0","0.0","5.9",,,"2024-12-01"
"2024-10-02","15","QGERD",,,,,"0.0","0.0","2.3",,,"2024-12-01"
"2024-10-02","15","QGEXA",,,,,"0.0","0.0","21.1",,,"2024-12-01"
"2024-10-02","15","QGEXA7",,,,,"0.0","0.0","2.8",,,"2024-12-01"
"2024-10-02","15","QJUSL1",,,"3.0",,"10.0","0.0","0.0","10.0",,"2024-12-01"
"2024-10-02","15","QJUSL2",,,"4.0",,"10.0","0.0","0.0","15.0",,"2024-12-01"
"2024-10-02","15","QJUSL3",,,"3.0",,"10.0","0.0","0.0","10.0",,"2024-12-01"
"2024-10-02","15","QLCRA","0.0","0.0","0.0",,"-20.0","0.0","17.0","0.0","0.0","2024-12-01"
"2024-10-02","15","QNRGTX",,,,,"0.0","0.0","180.0",,,"2024-12-01"
"2024-10-02","15","QOCSQ1",,,,,"0.0","0.0","4.3",,,"2024-12-01"
"2024-10-02","15","QSEMES",,,"22.0",,"5.0","0.0","0.0",,,"2024-12-01"
"2024-10-02","15","QSHEL9","0.0","0.0","8.0","0.0","8.0","0.0","0.0","0.0","0.0","2024-12-01"
"2024-10-02","15","QSHELL","0.0","0.0","-61.0","0.0","-53.0","0.0","0.0","-35.0","0.0","2024-12-01"
"2024-10-02","15","QSTEC","0.0","0.0","0.0",,"0.0","0.0","20.7",,,"2024-12-01"
"2024-10-02","15","QSTEC1","0.0","0.0","0.0",,"0.0","0.0","3.9",,,"2024-12-01"
"2024-10-02","15","QSUEZ1",,,"5.0","0.0","10.0","0.0","0.0",,,"2024-12-01"
"2024-10-02","15","QTEN18","1.4","1.2","6.7",,"7.2","0.0","0.0","5.5","0.0","2024-12-01"
"2024-10-02","15","QTENSK",,,,,"0.0","0.0","12.7",,,"2024-12-01"
"2024-10-02","15","QTOTL1","-0.4","-0.4","-2.1",,"-2.3","0.0","0.0","-1.7",,"2024-12-01"
"2024-10-02","16","QAEN","0.0","10.0","98.0",,"20.0","0.0","0.0","0.0","0.0","2024-12-01"
"2024-10-02","16","QALTRE",,,"26.0",,"15.0","0.0","9.0",,,"2024-12-01"
"2024-10-02","16","QBPEC7","-0.9","-0.8","-4.5",,"-4.8","0.0","0.0","-3.9",,"2024-12-01"
"2024-10-02","16","QBTU",,,,,"0.0","0.0","7.0",,,"2024-12-01"
"2024-10-02","16","QCALP","0.0","0.0","-20.0","0.0","-15.0","0.0","0.0","0.0","0.0","2024-12-01"
"2024-10-02","16","QCPSE","0.0","0.0","85.0",,"25.0","0.0","0.0","25.0",,"2024-12-01"
"2024-10-02","16","QEDE10",,,,,"0.0","0.0","22.0",,,"2024-12-01"
"2024-10-02","16","QEDE12",,,,,"0.0","0.0","7.9",,,"2024-12-01"
"2024-10-02","16","QEDES1",,,,,"0.0","0.0","40.2",,,"2024-12-01"
"2024-10-02","16","QEDES2",,,,,"0.0","0.0","3.2",,,"2024-12-01"
"2024-10-02","16","QEDES5",,,,,"0.0","0.0","17.2",,,"2024-12-01"
"2024-10-02","16","QEDES6",,,,,"0.0","0.0","4.1",,,"2024-12-01"
"2024-10-02","16","QEDES8",,,,,"0.0","0.0","7.0",,,"2024-12-01"
"2024-10-02","16","QEXEL1",,,,,"0.0","0.0","0.0",,,"2024-12-01"
"2024-10-02","16","QFREE1",,,,,"0.0","0.0","3.0",,,"2024-12-01"
"2024-10-02","16","QFRONT",,,,,"0.0","0.0","5.5",,,"2024-12-01"
"2024-10-02","16","QGAR6",,,,,"0.0","0.0","6.1",,,"2024-12-01"
"2024-10-02","16","QGERD",,,,,"0.0","0.0","2.7",,,"2024-12-01"
"2024-10-02","16","QGEXA",,,,,"0.0","0.0","21.7",,,"2024-12-01"
"2024-10-02","16","QGEXA7",,,,,"0.0","0.0","2.8",,,"2024-12-01"
"2024-10-02","16","QJUSL1",,,"3.0",,"10.0","0.0","0.0","10.0",,"2024-12-01"
"2024-10-02","16","QJUSL2",,,"4.0",,"10.0","0.0","0.0","15.0",,"2024-12-01"
"2024-10-02","16","QJUSL3",,,"3.0",,"10.0","0.0","0.0","10.0",,"2024-12-01"
"2024-10-02","16","QLCRA","0.0","0.0","0.0",,"-20.0","0.0","17.0","0.0","0.0","2024-12-01"
"2024-10-02","16","QNRGTX",,,,,"0.0","0.0","180.0",,,"2024-12-01"
"2024-10-02","16","QOCSQ1",,,,,"0.0","0.0","4.3",,,"2024-12-01"
"2024-10-02","16","QSEMES",,,"22.0",,"5.0","0.0","0.0",,,"2024-12-01"
"2024-10-02","16","QSHEL9","0.0","0.0","8.0","0.0","8.0","0.0","0.0","0.0","0.0","2024-12-01"
"2024-10-02","16","QSHELL","0.0","0.0","-61.0","0.0","-53.0","0.0","0.0","-35.0","0.0","2024-12-01"
"2024-10-02","16","QSTEC","0.0","0.0","0.0",,"0.0","0.0","20.1",,,"2024-12-01"
"2024-10-02","16","QSTEC1","0.0","0.0","0.0",,"0.0","0.0","4.0",,,"2024-12-01"
"2024-10-02","16","QSUEZ1",,,"5.0","0.0","10.0","0.0","0.0",,,"2024-12-01"
"2024-10-02","16","QTEN18","1.3","1.2","6.6",,"7.0","0.0","0.0","5.7","0.0","2024-12-01"
"2024-10-02","16","QTENSK",,,,,"0.0","0.0","12.5",,,"2024-12-01"
"2024-10-02","16","QTOTL1","-0.4","-0.4","-2.1",,"-2.2","0.0","0.0","-1.8",,"2024-12-01"
"2024-10-02","17","QAEN","0.0","10.0","98.0",,"20.0","0.0","0.0","0.0","0.0","2024-12-01"
"2024-10-02","17","QALTRE",,,"26.0",,"15.0","0.0","9.0",,,"2024-12-01"
"2024-10-02","17","QBPEC7","-1.0","-1.0","-4.4",,"-4.8","0.0","0.0","-4.1",,"2024-12-01"
"2024-10-02","17","QBTU",,,,,"0.0","0.0","7.0",,,"2024-12-01"
"2024-10-02","17","QCALP","0.0","0.0","-20.0","0.0","-15.0","0.0","0.0","0.0","0.0","2024-12-01"
"2024-10-02","17","QCPSE","0.0","0.0","85.0",,"25.0","0.0","0.0","25.0",,"2024-12-01"
"2024-10-02","17","QEDE10",,,,,"0.0","0.0","21.9",,,"2024-12-01"
"2024-10-02","17","QEDE12",,,,,"0.0","0.0","8.0",,,"2024-12-01"
"2024-10-02","17","QEDES1",,,,,"0.0","0.0","38.7",,,"2024-12-01"
"2024-10-02","17","QEDES2",,,,,"0.0","0.0","3.2",,,"2024-12-01"
"2024-10-02","17","QEDES5",,,,,"0.0","0.0","16.6",,,"2024-12-01"
"2024-10-02","17","QEDES6",,,,,"0.0","0.0","4.4",,,"2024-12-01"
"2024-10-02","17","QEDES8",,,,,"0.0","0.0","6.8",,,"2024-12-01"
"2024-10-02","17","QEXEL1",,,,,"0.0","0.0","0.0",,,"2024-12-01"
"2024-10-02","17","QFREE1",,,,,"0.0","0.0","3.0",,,"2024-12-01"
"2024-10-02","17","QFRONT",,,,,"0.0","0.0","5.9",,,"2024-12-01"
"2024-10-02","17","QGAR6",,,,,"0.0","0.0","6.2",,,"2024-12-01"
"2024-10-02","17","QGERD",,,,,"0.0","0.0","2.0",,,"2024-12-01"
"2024-10-02","17","QGEXA",,,,,"0.0","0.0","22.3",,,"2024-12-01"
"2024-10-02","17","QGEXA7",,,,,"0.0","0.0","2.6",,,"2024-12-01"
"2024-10-02","17","QJUSL1",,,"3.0",,"10.0","0.0","0.0","10.0",,"2024-12-01"
"2024-10-02","17","QJUSL2",,,"4.0",,"10.0","0.0","0.0","15.0",,"2024-12-01"
"2024-10-02","17","QJUSL3",,,"3.0",,"10.0","0.0","0.0","10.0",,"2024-12-01"
"2024-10-02","17","QLCRA","0.0","0.0","0.0",,"-20.0","0.0","17.0","0.0","0.0","2024-12-01"
"2024-10-02","17","QNRGTX",,,,,"0.0","0.0","180.0",,,"2024-12-01"
"2024-10-02","17","QOCSQ1",,,,,"0.0","0.0","4.1",,,"2024-12-01"
"2024-10-02","17","QSEMES",,,"22.0",,"5.0","0.0","0.0",,,"2024-12-01"
"2024-10-02","17","QSHEL9","0.0","0.0","8.0","0.0","8.0","0.0","0.0","0.0","0.0","2024-12-01"
"2024-10-02","17","QSHELL","0.0","0.0","-61.0","0.0","-53.0","0.0","0.0","-35.0","0.0","2024-12-01"
"2024-10-02","17","QSTEC","0.0","0.0","0.0",,"0.0","0.0","19.8",,,"2024-12-01"
"2024-10-02","17","QSTEC1","0.0","0.0","0.0",,"0.0","0.0","4.0",,,"2024-12-01"
"2024-10-02","17","QSUEZ1",,,"5.0","0.0","10.0","0.0","0.0",,,"2024-12-01"
"2024-10-02","17","QTEN18","1.5","1.4","6.4",,"7.0","0.0","0.0","6.0","0.0","2024-12-01"
"2024-10-02","17","QTENSK",,,,,"0.0","0.0","12.5",,,"2024-12-01"
"2024-10-02","17","QTOTL1","-0.5","-0.4","-2.0",,"-2.2","0.0","0.0","-1.9",,"2024-12-01"
"2024-10-02","18","QAEN","0.0","10.0","98.0",,"20.0","0.0","0.0","0.0","0.0","2024-12-01"
"2024-10-02","18","QALTRE",,,"26.0",,"15.0","0.0","9.0",,,"2024-12-01"
"2024-10-02","18","QBPEC7","-1.6","-0.8","-4.5",,"-4.8","0.0","0.0","-3.8",,"2024-12-01"
"2024-10-02","18","QBTU",,,,,"0.0","0.0","6.0",,,"2024-12-01"
"2024-10-02","18","QCALP","0.0","0.0","-20.0","0.0","-15.0","0.0","0.0","0.0","0.0","2024-12-01"
"2024-10-02","18","QCPSE","0.0","0.0","85.0",,"25.0","0.0","0.0","25.0",,"2024-12-01"
"2024-10-02","18","QEDE10",,,,,"0.0","0.0","22.1",,,"2024-12-01"
"2024-10-02","18","QEDE12",,,,,"0.0","0.0","8.0",,,"2024-12-01"
"2024-10-02","18","QEDES1",,,,,"0.0","0.0","39.1",,,"2024-12-01"
"2024-10-02","18","QEDES2",,,,,"0.0","0.0","3.2",,,"2024-12-01"
"2024-10-02","18","QEDES5",,,,,"0.0","0.0","15.9",,,"2024-12-01"
"2024-10-02","18","QEDES6",,,,,"0.0","0.0","4.3",,,"2024-12-01"
"2024-10-02","18","QEDES8",,,,,"0.0","0.0","6.8",,,"2024-12-01"
"2024-10-02","18","QEXEL1",,,,,"0.0","0.0","0.0",,,"2024-12-01"
"2024-10-02","18","QFREE1",,,,,"0.0","0.0","3.0",,,"2024-12-01"
"2024-10-02","18","QFRONT",,,,,"0.0","0.0","6.1",,,"2024-12-01"
"2024-10-02","18","QGAR6",,,,,"0.0","0.0","6.2",,,"2024-12-01"
"2024-10-02","18","QGERD",,,,,"0.0","0.0","1.8",,,"2024-12-01"
"2024-10-02","18","QGEXA",,,,,"0.0","0.0","22.6",,,"2024-12-01"
"2024-10-02","18","QGEXA7",,,,,"0.0","0.0","2.5",,,"2024-12-01"
"2024-10-02","18","QJUSL1",,,"3.0",,"10.0","0.0","0.0","10.0",,"2024-12-01"
"2024-10-02","18","QJUSL2",,,"4.0",,"10.0","0.0","0.0","15.0",,"2024-12-01"
"2024-10-02","18","QJUSL3",,,"3.0",,"10.0","0.0","0.0","10.0",,"2024-12-01"
"2024-10-02","18","QLCRA","0.0","0.0","0.0",,"-20.0","0.0","17.0","0.0","0.0","2024-12-01"
"2024-10-02","18","QNRGTX",,,,,"0.0","0.0","180.0",,,"2024-12-01"
"2024-10-02","18","QOCSQ1",,,,,"0.0","0.0","4.2",,,"2024-12-01"
"2024-10-02","18","QSEMES",,,"22.0",,"5.0","0.0","0.0",,,"2024-12-01"
"2024-10-02","18","QSHEL9","0.0","0.0","8.0","0.0","8.0","0.0","0.0","0.0","0.0","2024-12-01"
"2024-10-02","18","QSHELL","0.0","0.0","-61.0","0.0","-53.0","0.0","0.0","-35.0","0.0","2024-12-01"
"2024-10-02","18","QSTEC","0.0","0.0","0.0",,"0.0","0.0","19.7",,,"2024-12-01"
"2024-10-02","18","QSTEC1","0.0","0.0","0.0",,"0.0","0.0","3.8",,,"2024-12-01"
"2024-10-02","18","QSUEZ1",,,"5.0","0.0","10.0","0.0","0.0",,,"2024-12-01"
"2024-10-02","18","QTEN18","2.3","1.2","6.6",,"7.0","0.0","0.0","5.5","0.0","2024-12-01"
"2024-10-02","18","QTENSK",,,,,"0.0","0.0","12.7",,,"2024-12-01"
"2024-10-02","18","QTOTL1","-0.7","-0.4","-2.1",,"-2.2","0.0","0.0","-1.7",,"2024-12-01"
"2024-10-02","19","QAEN","0.0","10.0","98.0",,"20.0","0.0","0.0","0.0","0.0","2024-12-01"
"2024-10-02","19","QALTRE",,,"26.0",,"15.0","0.0","9.0",,,"2024-12-01"
"2024-10-02","19","QBPEC7","-1.7","-0.7","-4.8",,"-5.2","0.0","0.0","-3.4",,"2024-12-01"
"2024-10-02","19","QBTU",,,,,"0.0","0.0","6.0",,,"2024-12-01"
"2024-10-02","19","QCALP","0.0","0.0","-20.0","0.0","-15.0","0.0","0.0","0.0","0.0","2024-12-01"
"2024-10-02","19","QCPSE","0.0","0.0","85.0",,"25.0","0.0","0.0","25.0",,"2024-12-01"
"2024-10-02","19","QEDE10",,,,,"0.0","0.0","22.6",,,"2024-12-01"
"2024-10-02","19","QEDE12",,,,,"0.0","0.0","8.2",,,"2024-12-01"
"2024-10-02","19","QEDES1",,,,,"0.0","0.0","40.4",,,"2024-12-01"
"2024-10-02","19","QEDES2",,,,,"0.0","0.0","3.3",,,"2024-12-01"
"2024-10-02","19","QEDES5",,,,,"0.0","0.0","15.4",,,"2024-12-01"
"2024-10-02","19","QEDES6",,,,,"0.0","0.0","4.4",,,"2024-12-01"
"2024-10-02","19","QEDES8",,,,,"0.0","0.0","7.0",,,"2024-12-01"
"2024-10-02","19","QEXEL1",,,,,"0.0","0.0","0.0",,,"2024-12-01"
"2024-10-02","19","QFREE1",,,,,"0.0","0.0","3.0",,,"2024-12-01"
"2024-10-02","19","QFRONT",,,,,"0.0","0.0","6.1",,,"2024-12-01"
"2024-10-02","19","QGAR6",,,,,"0.0","0.0","6.1",,,"2024-12-01"
"2024-10-02","19","QGERD",,,,,"0.0","0.0","2.8",,,"2024-12-01"
"2024-10-02","19","QGEXA",,,,,"0.0","0.0","22.2",,,"2024-12-01"
"2024-10-02","19","QGEXA7",,,,,"0.0","0.0","2.5",,,"2024-12-01"
"2024-10-02","19","QJUSL1",,,"3.0",,"10.0","0.0","0.0","10.0",,"2024-12-01"
"2024-10-02","19","QJUSL2",,,"4.0",,"10.0","0.0","0.0","15.0",,"2024-12-01"
"2024-10-02","19","QJUSL3",,,"3.0",,"10.0","0.0","0.0","10.0",,"2024-12-01"
"2024-10-02","19","QLCRA","0.0","0.0","0.0",,"-20.0","0.0","17.0","0.0","0.0","2024-12-01"
"2024-10-02","19","QNRGTX",,,,,"0.0","0.0","180.0",,,"2024-12-01"
"2024-10-02","19","QOCSQ1",,,,,"0.0","0.0","4.4",,,"2024-12-01"
"2024-10-02","19","QSEMES",,,"22.0",,"5.0","0.0","0.0",,,"2024-12-01"
"2024-10-02","19","QSHEL9","0.0","0.0","8.0","0.0","8.0","0.0","0.0","0.0","0.0","2024-12-01"
"2024-10-02","19","QSHELL","0.0","0.0","-61.0","0.0","-53.0","0.0","0.0","-35.0","0.0","2024-12-01"
"2024-10-02","19","QSTEC","0.0","0.0","0.0",,"0.0","0.0","19.9",,,"2024-12-01"
"2024-10-02","19","QSTEC1","0.0","0.0","0.0",,"0.0","0.0","3.7",,,"2024-12-01"
"2024-10-02","19","QSUEZ1",,,"5.0","0.0","10.0","0.0","0.0",,,"2024-12-01"
"2024-10-02","19","QTEN18","2.5","1.0","7.0",,"7.6","0.0","0.0","5.0","0.0","2024-12-01"
"2024-10-02","19","QTENSK",,,,,"0.0","0.0","13.7",,,"2024-12-01"
"2024-10-02","19","QTOTL1","-0.8","-0.3","-2.2",,"-2.4","0.0","0.0","-1.6",,"2024-12-01"
"2024-10-02","20","QAEN","0.0","10.0","98.0",,"20.0","0.0","0.0","0.0","0.0","2024-12-01"
"2024-10-02","20","QALTRE",,,"26.0",,"15.0","0.0","9.0",,,"2024-12-01"
"2024-10-02","20","QBPEC7","-0.8","-0.8","-5.1",,"-5.5","0.0","0.0","-3.9",,"2024-12-01"
"2024-10-02","20","QBTU",,,,,"0.0","0.0","6.0",,,"2024-12-01"
"2024-10-02","20","QCALP","0.0","0.0","-20.0","0.0","-15.0","0.0","0.0","0.0","0.0","2024-12-01"
"2024-10-02","20","QCPSE","0.0","0.0","85.0",,"25.0","0.0","0.0","25.0",,"2024-12-01"
"2024-10-02","20","QEDE10",,,,,"0.0","0.0","23.4",,,"2024-12-01"
"2024-10-02","20","QEDE12",,,,,"0.0","0.0","8.6",,,"2024-12-01"
"2024-10-02","20","QEDES1",,,,,"0.0","0.0","42.5",,,"2024-12-01"
"2024-10-02","20","QEDES2",,,,,"0.0","0.0","3.5",,,"2024-12-01"
"2024-10-02","20","QEDES5",,,,,"0.0","0.0","15.7",,,"2024-12-01"
"2024-10-02","20","QEDES6",,,,,"0.0","0.0","4.6",,,"2024-12-01"
"2024-10-02","20","QEDES8",,,,,"0.0","0.0","7.4",,,"2024-12-01"
"2024-10-02","20","QEXEL1",,,,,"0.0","0.0","0.0",,,"2024-12-01"
"2024-10-02","20","QFREE1",,,,,"0.0","0.0","3.0",,,"2024-12-01"
"2024-10-02","20","QFRONT",,,,,"0.0","0.0","5.9",,,"2024-12-01"
"2024-10-02","20","QGAR6",,,,,"0.0","0.0","6.2",,,"2024-12-01"
"2024-10-02","20","QGERD",,,,,"0.0","0.0","1.2",,,"2024-12-01"
"2024-10-02","20","QGEXA",,,,,"0.0","0.0","22.2",,,"2024-12-01"
"2024-10-02","20","QGEXA7",,,,,"0.0","0.0","2.7",,,"2024-12-01"
"2024-10-02","20","QJUSL1",,,"3.0",,"10.0","0.0","0.0","10.0",,"2024-12-01"
"2024-10-02","20","QJUSL2",,,"4.0",,"10.0","0.0","0.0","15.0",,"2024-12-01"
"2024-10-02","20","QJUSL3",,,"3.0",,"10.0","0.0","0.0","10.0",,"2024-12-01"
"2024-10-02","20","QLCRA","0.0","0.0","0.0",,"-20.0","0.0","17.0","0.0","0.0","2024-12-01"
"2024-10-02","20","QNRGTX",,,,,"0.0","0.0","180.0",,,"2024-12-01"
"2024-10-02","20","QOCSQ1",,,,,"0.0","0.0","4.7",,,"2024-12-01"
"2024-10-02","20","QSEMES",,,"22.0",,"5.0","0.0","0.0",,,"2024-12-01"
"2024-10-02","20","QSHEL9","0.0","0.0","8.0","0.0","8.0","0.0","0.0","0.0","0.0","2024-12-01"
"2024-10-02","20","QSHELL","0.0","0.0","-61.0","0.0","-53.0","0.0","0.0","-35.0","0.0","2024-12-01"
"2024-10-02","20","QSTEC","0.0","0.0","0.0",,"0.0","0.0","20.5",,,"2024-12-01"
"2024-10-02","20","QSTEC1",,"0.0","0.0",,"0.0","0.0","3.6",,,"2024-12-01"
"2024-10-02","20","QSUEZ1",,,"5.0","0.0","10.0","0.0","0.0",,,"2024-12-01"
"2024-10-02","20","QTEN18","1.1","1.2","7.4",,"8.0","0.0","0.0","5.7","0.0","2024-12-01"
"2024-10-02","20","QTENSK",,,,,"0.0","0.0","13.1",,,"2024-12-01"
"2024-10-02","20","QTOTL1","-0.3","-0.4","-2.3",,"-2.5","0.0","0.0","-1.8",,"2024-12-01"
"2024-10-02","21","QAEN","0.0","10.0","98.0",,"20.0","0.0","0.0","0.0","0.0","2024-12-01"
"2024-10-02","21","QALTRE",,,"26.0",,"15.0","0.0","9.0",,,"2024-12-01"
"2024-10-02","21","QBPEC7","-0.3","-0.8","-5.3",,"-5.7","0.0","0.0","-3.4",,"2024-12-01"
"2024-10-02","21","QBTU",,,,,"0.0","0.0","6.0",,,"2024-12-01"
"2024-10-02","21","QCALP","0.0","0.0","-20.0","0.0","-15.0","0.0","0.0","0.0","0.0","2024-12-01"
"2024-10-02","21","QCPSE","0.0","0.0","85.0",,"25.0","0.0","0.0","25.0",,"2024-12-01"
"2024-10-02","21","QEDE10",,,,,"0.0","0.0","24.2",,,"2024-12-01"
"2024-10-02","21","QEDE12",,,,,"0.0","0.0","8.7",,,"2024-12-01"
"2024-10-02","21","QEDES1",,,,,"0.0","0.0","44.1",,,"2024-12-01"
"2024-10-02","21","QEDES2",,,,,"0.0","0.0","3.6",,,"2024-12-01"
"2024-10-02","21","QEDES5",,,,,"0.0","0.0","15.7",,,"2024-12-01"
"2024-10-02","21","QEDES6",,,,,"0.0","0.0","5.3",,,"2024-12-01"
"2024-10-02","21","QEDES8",,,,,"0.0","0.0","7.6",,,"2024-12-01"
"2024-10-02","21","QEXEL1",,,,,"0.0","0.0","0.0",,,"2024-12-01"
"2024-10-02","21","QFREE1",,,,,"0.0","0.0","3.0",,,"2024-12-01"
"2024-10-02","21","QFRONT",,,,,"0.0","0.0","5.9",,,"2024-12-01"
"2024-10-02","21","QGAR6",,,,,"0.0","0.0","6.1",,,"2024-12-01"
"2024-10-02","21","QGERD",,,,,"0.0","0.0","2.3",,,"2024-12-01"
"2024-10-02","21","QGEXA",,,,,"0.0","0.0","22.2",,,"2024-12-01"
"2024-10-02","21","QGEXA7",,,,,"0.0","0.0","2.7",,,"2024-12-01"
"2024-10-02","21","QJUSL1",,,"3.0",,"10.0","0.0","0.0","10.0",,"2024-12-01"
"2024-10-02","21","QJUSL2",,,"4.0",,"10.0","0.0","0.0","15.0",,"2024-12-01"
"2024-10-02","21","QJUSL3",,,"3.0",,"10.0","0.0","0.0","10.0",,"2024-12-01"
"2024-10-02","21","QLCRA","0.0","0.0","0.0",,"-20.0","0.0","17.0","0.0","0.0","2024-12-01"
"2024-10-02","21","QNRGTX",,,,,"0.0","0.0","180.0",,,"2024-12-01"
"2024-10-02","21","QOCSQ1",,,,,"0.0","0.0","4.9",,,"2024-12-01"
"2024-10-02","21","QSEMES",,,"22.0",,"5.0","0.0","0.0",,,"2024-12-01"
"2024-10-02","21","QSHEL9","0.0","0.0","8.0","0.0","8.0","0.0","0.0","0.0","0.0","2024-12-01"
"2024-10-02","21","QSHELL","0.0","0.0","-61.0","0.0","-53.0","0.0","0.0","-35.0","0.0","2024-12-01"
"2024-10-02","21","QSTEC","0.0","0.0","0.0",,"0.0","0.0","20.7",,,"2024-12-01"
"2024-10-02","21","QSTEC1",,"0.0","0.0",,"0.0","0.0","3.5",,,"2024-12-01"
"2024-10-02","21","QSUEZ1",,,"5.0","0.0","10.0","0.0","0.0",,,"2024-12-01"
"2024-10-02","21","QTEN18","0.4","1.2","7.7",,"8.3","0.0","0.0","4.9","0.0","2024-12-01"
"2024-10-02","21","QTENSK",,,,,"0.0","0.0","13.1",,,"2024-12-01"
"2024-10-02","21","QTOTL1","-0.1","-0.4","-2.4",,"-2.6","0.0","0.0","-1.5",,"2024-12-01"
"2024-10-02","22","QAEN","0.0","10.0","98.0",,"20.0","0.0","0.0","0.0","0.0","2024-12-01"
"2024-10-02","22","QALTRE",,,"26.0",,"15.0","0.0","9.0",,,"2024-12-01"
"2024-10-02","22","QBPEC7","-0.4","-0.9","-5.5",,"-6.0","0.0","0.0","-3.3",,"2024-12-01"
"2024-10-02","22","QBTU",,,,,"0.0","0.0","6.0",,,"2024-12-01"
"2024-10-02","22","QCALP","0.0","0.0","-20.0","0.0","-15.0","0.0","0.0","0.0","0.0","2024-12-01"
"2024-10-02","22","QCPSE","0.0","0.0","85.0",,"25.0","0.0","0.0","25.0",,"2024-12-01"
"2024-10-02","22","QEDE10",,,,,"0.0","0.0","25.0",,,"2024-12-01"
"2024-10-02","22","QEDE12",,,,,"0.0","0.0","8.9",,,"2024-12-01"
"2024-10-02","22","QEDES1",,,,,"0.0","0.0","47.1",,,"2024-12-01"
"2024-10-02","22","QEDES2",,,,,"0.0","0.0","3.8",,,"2024-12-01"
"2024-10-02","22","QEDES5",,,,,"0.0","0.0","15.8",,,"2024-12-01"
"2024-10-02","22","QEDES6",,,,,"0.0","0.0","5.5",,,"2024-12-01"
"2024-10-02","22","QEDES8",,,,,"0.0","0.0","8.0",,,"2024-12-01"
"2024-10-02","22","QEXEL1",,,,,"0.0","0.0","0.0",,,"2024-12-01"
"2024-10-02","22","QFREE1",,,,,"0.0","0.0","3.0",,,"2024-12-01"
"2024-10-02","22","QFRONT",,,,,"0.0","0.0","5.8",,,"2024-12-01"
"2024-10-02","22","QGAR6",,,,,"0.0","0.0","6.0",,,"2024-12-01"
"2024-10-02","22","QGERD",,,,,"0.0","0.0","3.5",,,"2024-12-01"
"2024-10-02","22","QGEXA",,,,,"0.0","0.0","21.8",,,"2024-12-01"
"2024-10-02","22","QGEXA7",,,,,"0.0","0.0","2.8",,,"2024-12-01"
"2024-10-02","22","QJUSL1",,,"3.0",,"10.0","0.0","0.0","10.0",,"2024-12-01"
"2024-10-02","22","QJUSL2",,,"4.0",,"10.0","0.0","0.0","15.0",,"2024-12-01"
"2024-10-02","22","QJUSL3",,,"3.0",,"10.0","0.0","0.0","10.0",,"2024-12-01"
"2024-10-02","22","QLCRA","0.0","0.0","0.0",,"-20.0","0.0","17.0","0.0","0.0","2024-12-01"
"2024-10-02","22","QNRGTX",,,,,"0.0","0.0","180.0",,,"2024-12-01"
"2024-10-02","22","QOCSQ1",,,,,"0.0","0.0","5.1",,,"2024-12-01"
"2024-10-02","22","QSEMES",,,"22.0",,"5.0","0.0","0.0",,,"2024-12-01"
"2024-10-02","22","QSHEL9","0.0","0.0","8.0","0.0","8.0","0.0","0.0","0.0","0.0","2024-12-01"
"2024-10-02","22","QSHELL","0.0","0.0","-61.0","0.0","-53.0","0.0","0.0","-35.0","0.0","2024-12-01"
"2024-10-02","22","QSTEC","0.0","0.0","0.0",,"0.0","0.0","20.8",,,"2024-12-01"
"2024-10-02","22","QSTEC1",,"0.0","0.0",,"0.0","0.0","3.4",,,"2024-12-01"
"2024-10-02","22","QSUEZ1",,,"5.0","0.0","10.0","0.0","0.0",,,"2024-12-01"
"2024-10-02","22","QTEN18","0.6","1.3","8.0",,"8.8","0.0","0.0","4.8","0.0","2024-12-01"
"2024-10-02","22","QTENSK",,,,,"0.0","0.0","13.0",,,"2024-12-01"
"2024-10-02","22","QTOTL1","-0.2","-0.4","-2.5",,"-2.8","0.0","0.0","-1.5",,"2024-12-01"
"2024-10-02","23","QAEN","0.0","10.0","98.0",,"20.0","0.0","0.0","0.0","0.0","2024-12-01"
"2024-10-02","23","QALTRE",,,"26.0",,"15.0","0.0","8.8",,,"2024-12-01"
"2024-10-02","23","QBPEC7","-0.4","-1.1","-4.9",,"-6.9","0.0","0.0","-3.3",,"2024-12-01"
"2024-10-02","23","QBTU",,,,,"0.0","0.0","7.0",,,"2024-12-01"
"2024-10-02","23","QCALP","0.0","0.0","-20.0","0.0","-15.0","0.0","0.0","0.0","0.0","2024-12-01"
"2024-10-02","23","QCPSE","0.0","0.0","85.0",,"25.0","0.0","0.0","25.0",,"2024-12-01"
"2024-10-02","23","QEDE10",,,,,"0.0","0.0","30.3",,,"2024-12-01"
"2024-10-02","23","QEDE12",,,,,"0.0","0.0","10.6",,,"2024-12-01"
"2024-10-02","23","QEDES1",,,,,"0.0","0.0","57.5",,,"2024-12-01"
"2024-10-02","23","QEDES2",,,,,"0.0","0.0","4.6",,,"2024-12-01"
"2024-10-02","23","QEDES5",,,,,"0.0","0.0","18.6",,,"2024-12-01"
"2024-10-02","23","QEDES6",,,,,"0.0","0.0","6.9",,,"2024-12-01"
"2024-10-02","23","QEDES8",,,,,"0.0","0.0","9.7",,,"2024-12-01"
"2024-10-02","23","QEXEL1",,,,,"0.0","0.0","0.0",,,"2024-12-01"
"2024-10-02","23","QFREE1",,,,,"0.0","0.0","3.0",,,"2024-12-01"
"2024-10-02","23","QFRONT",,,,,"0.0","0.0","6.3",,,"2024-12-01"
"2024-10-02","23","QGAR6",,,,,"0.0","0.0","6.5",,,"2024-12-01"
"2024-10-02","23","QGERD",,,,,"0.0","0.0","3.3",,,"2024-12-01"
"2024-10-02","23","QGEXA",,,,,"0.0","0.0","24.3",,,"2024-12-01"
"2024-10-02","23","QGEXA7",,,,,"0.0","0.0","3.6",,,"2024-12-01"
"2024-10-02","23","QJUSL1",,,"3.0",,"10.0","0.0","0.0","10.0",,"2024-12-01"
"2024-10-02","23","QJUSL2",,,"4.0",,"10.0","0.0","0.0","15.0",,"2024-12-01"
"2024-10-02","23","QJUSL3",,,"3.0",,"10.0","0.0","0.0","10.0",,"2024-12-01"
"2024-10-02","23","QLCRA","0.0","0.0","0.0",,"-20.0","0.0","17.0","0.0","0.0","2024-12-01"
"2024-10-02","23","QNRGTX",,,,,"0.0","0.0","180.0",,,"2024-12-01"
"2024-10-02","23","QOCSQ1",,,,,"0.0","0.0","6.2",,,"2024-12-01"
"2024-10-02","23","QSEMES",,,"22.0",,"5.0","0.0","0.0",,,"2024-12-01"
"2024-10-02","23","QSHEL9","0.0","0.0","8.0","0.0","8.0","0.0","0.0","0.0","0.0","2024-12-01"
"2024-10-02","23","QSHELL","0.0","0.0","-61.0","0.0","-53.0","0.0","0.0","-35.0","0.0","2024-12-01"
"2024-10-02","23","QSTEC","0.0","0.0","0.0",,"0.0","0.0","24.1",,,"2024-12-01"
"2024-10-02","23","QSTEC1",,"0.0","0.0",,"0.0","0.0","3.8",,,"2024-12-01"
"2024-10-02","23","QSUEZ1",,,"5.0","0.0","10.0","0.0","0.0",,,"2024-12-01"
"2024-10-02","23","QTEN18","0.5","1.6","7.2",,"10.1","0.0","0.0","4.8","0.0","2024-12-01"
"2024-10-02","23","QTENSK",,,,,"0.0","0.0","15.3",,,"2024-12-01"
"2024-10-02","23","QTOTL1","-0.1","-0.5","-2.3",,"-3.2","0.0","0.0","-1.5",,"2024-12-01"
"2024-10-02","24","QAEN","0.0","10.0","98.0",,"20.0","0.0","0.0","0.0","0.0","2024-12-01"
"2024-10-02","24","QALTRE",,,"26.0",,"15.0","0.0","8.8",,,"2024-12-01"
"2024-10-02","24","QBPEC7","-0.4","-1.1","-5.3",,"-7.4","0.0","0.0","-3.3",,"2024-12-01"
"2024-10-02","24","QBTU",,,,,"0.0","0.0","7.0",,,"2024-12-01"
"2024-10-02","24","QCALP","0.0","0.0","-20.0","0.0","-15.0","0.0","0.0","0.0","0.0","2024-12-01"
"2024-10-02","24","QCPSE","0.0","0.0","85.0",,"25.0","0.0","0.0","25.0",,"2024-12-01"
"2024-10-02","24","QEDE10",,,,,"0.0","0.0","32.4",,,"2024-12-01"
"2024-10-02","24","QEDE12",,,,,"0.0","0.0","11.2",,,"2024-12-01"
"2024-10-02","24","QEDES1",,,,,"0.0","0.0","62.4",,,"2024-12-01"
"2024-10-02","24","QEDES2",,,,,"0.0","0.0","4.9",,,"2024-12-01"
"2024-10-02","24","QEDES5",,,,,"0.0","0.0","19.2",,,"2024-12-01"
"2024-10-02","24","QEDES6",,,,,"0.0","0.0","7.2",,,"2024-12-01"
"2024-10-02","24","QEDES8",,,,,"0.0","0.0","10.4",,,"2024-12-01"
"2024-10-02","24","QEXEL1",,,,,"0.0","0.0","0.0",,,"2024-12-01"
"2024-10-02","24","QFREE1",,,,,"0.0","0.0","3.0",,,"2024-12-01"
"2024-10-02","24","QFRONT",,,,,"0.0","0.0","5.8",,,"2024-12-01"
"2024-10-02","24","QGAR6",,,,,"0.0","0.0","6.3",,,"2024-12-01"
"2024-10-02","24","QGERD",,,,,"0.0","0.0","4.3",,,"2024-12-01"
"2024-10-02","24","QGEXA",,,,,"0.0","0.0","23.2",,,"2024-12-01"
"2024-10-02","24","QGEXA7",,,,,"0.0","0.0","3.8",,,"2024-12-01"
"2024-10-02","24","QJUSL1",,,"3.0",,"10.0","0.0","0.0","10.0",,"2024-12-01"
"2024-10-02","24","QJUSL2",,,"4.0",,"10.0","0.0","0.0","15.0",,"2024-12-01"
"2024-10-02","24","QJUSL3",,,"3.0",,"10.0","0.0","0.0","10.0",,"2024-12-01"
"2024-10-02","24","QLCRA","0.0","0.0","0.0",,"-20.0","0.0","17.0","0.0","0.0","2024-12-01"
"2024-10-02","24","QNRGTX",,,,,"0.0","0.0","180.0",,,"2024-12-01"
"2024-10-02","24","QOCSQ1",,,,,"0.0","0.0","6.7",,,"2024-12-01"
"2024-10-02","24","QSEMES",,,"22.0",,"5.0","0.0","0.0",,,"2024-12-01"
"2024-10-02","24","QSHEL9","0.0","0.0","8.0","0.0","8.0","0.0","0.0","0.0","0.0","2024-12-01"
"2024-10-02","24","QSHELL","0.0","0.0","-61.0","0.0","-53.0","0.0","0.0","-35.0","0.0","2024-12-01"
"2024-10-02","24","QSTEC","0.0","0.0","0.0",,"0.0","0.0","24.6",,,"2024-12-01"
"2024-10-02","24","QSTEC1",,,"0.0",,"0.0","0.0","3.6",,,"2024-12-01"
"2024-10-02","24","QSUEZ1",,,"5.0","0.0","10.0","0.0","0.0",,,"2024-12-01"
"2024-10-02","24","QTEN18","0.6","1.6","7.7",,"10.8","0.0","0.0","4.8","0.0","2024-12-01"
"2024-10-02","24","QTENSK",,,,,"0.0","0.0","16.0",,,"2024-12-01"
"2024-10-02","24","QTOTL1","-0.2","-0.5","-2.4",,"-3.4","0.0","0.0","-1.5",,"2024-12-01"
